t,voltage,current,temperature
0.0,3.5,1.5,24.764035782104123
0.05025125628140704,3.5200920439867733,1.4997576145255673,25.19212991250253
0.10050251256281408,3.5401333624455913,1.4990308497737246,24.79766546981118
0.15075376884422112,3.5600733579130788,1.4978208801259325,25.791117587050643
0.20100502512562815,3.579861688731703,1.4961296607759722,24.905571009776924
0.2512562814070352,3.5994483961452115,1.4939599245705404,25.950079539123436
0.30150753768844224,3.6187840304273795,1.491315177593234,24.776694551416767
0.35175879396984927,3.637819775725625,1.4881996934990587,25.20501550884179
0.4020100502512563,3.6565075733043155,1.4846185066086162,26.101574951977543
0.45226130653266333,3.6748002428766107,1.4805774037731294,25.535731966765873
0.5025125628140704,3.6926516017185236,1.4760829150234522,26.63740000147271
0.5527638190954774,3.7100165812644783,1.4711423030181705,25.417068310414265
0.6030150753768845,3.726851340889997,1.46576355130785,25.730075746788913
0.6532663316582915,3.743113378594259,1.459955351434392,26.60398398059146
0.7035175879396985,3.758761638303094,1.4537270888863425,24.94423696374608
0.7537688442211056,3.7737566135215004,1.4470888279328527,24.932041957322717
0.8040201005025126,3.788060447074014,1.4400512953607927,25.402805439459467
0.8542713567839196,3.8016370266811075,1.432625863141305,26.256807565075345
0.9045226130653267,3.814452076130323,1.4248245300537985,25.09467145300807
0.9547738693467337,3.826473241811967,1.4166599022970845,26.2475065319615
1.0050251256281408,3.837670174400892,1.4081451731189785,26.26162445639073
1.0552763819095479,3.8480146054781437,1.3992941014972906,27.054654499142515
1.105527638190955,3.8574804188990366,1.3901209899066491,26.61928431827724
1.155778894472362,3.866043716727471,1.380640661207087,26.327538689175114
1.206030150753769,3.8736828795700355,1.3708684346917348,26.873936048362197
1.256281407035176,3.8803786211575693,1.3608201013323273,26.51255692237258
1.306532663316583,3.886114037036384,1.3505118982625217,26.061679733601903
1.35678391959799,3.8908746472462172,1.339960482540262,25.767891209645956
1.407035175879397,3.894648432877175,1.3291829042315868,26.103855264995367
1.4572864321608041,3.897425866413358,1.3181965788593735,26.416704846591763
1.5075376884422111,3.8991999357865783,1.307019259261539,26.572309583017045
1.5577889447236182,3.8999661620794264,1.2956690069041745,25.46511120298905
1.6080402010050252,3.8997226108330065,1.2841641626959635,26.4706826423821
1.6582914572864322,3.8984698969307803,1.2725233173510506,26.642347865097427
1.7085427135678393,3.896211183046197,1.2607652813482475,26.94925542857806
1.7587939698492463,3.892952171658028,1.2489090545351202,27.53614763782349
1.8090452261306533,3.8887010906535595,1.236973795426076,26.86266044571568
1.8592964824120604,3.8834686725559964,1.2249787902440588,26.361959956232365
1.9095477386934674,3.87726812742852,1.2129434217558812,25.954425915865478
1.9597989949748744,3.8701151095234,1.20088713795155,27.253507077520602
2.0100502512562817,3.862027677760374,1.1888294206181969,26.52180098656524
2.0603015075376887,3.85302625013406,1.1767897538593979,27.43590861880514
2.1105527638190957,3.8431335521655146,1.164787592610749,27.747143405306222
2.1608040201005028,3.8323745595280787,1.152842331202573,26.322132239744846
2.21105527638191,3.820776434992357,1.140973272020561,27.416640670460353
2.261306532663317,3.80836845984953,1.1291995943149857,27.831314241127306
2.311557788944724,3.795181959986122,1.1175403232088903,27.73961064352815
2.361809045226131,3.7812502267968706,1.106014298955332,26.22676395323224
2.412060301507538,3.7666084331353606,1.0946401464933575,26.8927605545268
2.462311557788945,3.751293544514618,1.0834362453519055,26.723894935498876
2.512562814070352,3.73534422578185,1.072420699950267,27.669881399055072
2.562814070351759,3.718800743502958,1.061611310343097,27.658724927549756
2.613065326633166,3.701704864303247,1.0510255434572513,26.14678459650988
2.663316582914573,3.684099749421008,1.0406805048669217,27.388731558983714
2.71356783919598,3.6660298457401774,1.0305929111526868,27.982667648088743
2.763819095477387,3.6475407735771808,1.020779062889135,27.699195261418037
2.814070351758794,3.628679211505263,1.0112548183047156,27.74097509492068
2.864321608040201,3.6094927785070823,1.0020355676563768,27.52770969129619
2.9145728643216082,3.59002991375309,0.9931362083604005,27.22282721458433
2.9648241206030153,3.5703397543092237,0.9845711209196207,27.785582923135664
3.0150753768844223,3.550472011082645,0.9763541456859234,27.861688486742523
3.0653266331658293,3.53047684331873,0.9684985604955779,28.184513528518515
3.1155778894472363,3.51040473196616,0.9610170592135399,28.266090152938297
3.1658291457286434,3.4903063522298177,0.9539217312213939,28.001430101401606
3.2160804020100504,3.4702324456332554,0.9472240418820841,28.546313946880982
3.2663316582914574,3.450233691913732,0.940934814012998,27.85145489836036
3.3165829145728645,3.4303605810732374,0.9350642103973414,27.356655464326508
3.3668341708542715,3.410663285908535,0.9296217173620648,28.35663413474353
3.4170854271356785,3.391191535342037,0.9246161294488778,28.220421678268153
3.4673366834170856,3.371994488873312,0.9200555352031216,28.444503358376757
3.5175879396984926,3.3531206124681905,0.9159473041034625,27.60229480464721
3.5678391959798996,3.3346175561988023,0.912298074653528,29.16807469310606
3.6180904522613067,3.3165320339434703,0.9091137436547287,28.665753463375406
3.6683417085427137,3.2989097054501704,0.9063994566775971,28.203995035878442
3.7185929648241207,3.28179506106131,0.9041595997470446,27.917419963456567
3.7688442211055277,3.2652313093908534,0.9023977922549695,28.960534374234875
3.819095477386935,3.249260268237377,0.9011168811116708,27.907538269914635
3.869346733668342,3.2339222590084504,0.9003189361455163,29.625221741359347
3.919597989949749,3.2192560049228978,0.9000052467583005,28.223700055144384
3.969849246231156,3.205298533247936,0.9001763198416965,29.425961744319153
4.020100502512563,3.192085081818008,0.9008318789581677,28.508518695888817
4.07035175879397,3.179649010071324,0.9019708647876644,29.42581169380428
4.120603015075377,3.168021714828709,0.9035914368393823,28.302319633319712
4.170854271356784,3.1572325510273838,0.905690976425817,28.713116953614865
4.2211055276381915,3.147308757609806,0.9082660908943105,29.139644208644967
4.2713567839195985,3.138275388754673,0.9113126191092483,29.101501401861757
4.3216080402010055,3.130155250623702,0.9148256381760521,29.35365619828826
4.371859296482413,3.1229688437838856,0.9187994713961005,28.59196751571823
4.42211055276382,3.116734311450582,0.9232276974397244,28.91014861944311
4.472361809045227,3.111467393682114,0.9281031607224541,29.52358891281439
4.522613065326634,3.107181387641511,0.9334179829677506,28.57802320076956
4.572864321608041,3.1038871140257314,0.9391635759375372,29.24778078692003
4.623115577889448,3.1015928897471055,0.9453306553099616,28.882389302125304
4.673366834170855,3.1003045069359843,0.9519092556819604,29.124962425300595
4.723618090452262,3.1000252183175925,0.9588887466723846,29.093950178701053
4.773869346733669,3.100755729000014,0.9662578500996678,28.68677394725711
4.824120603015076,3.1024941946940325,0.9740046582062742,28.97939717893377
4.874371859296483,3.1052362263693327,0.982116652900482,29.210623041721753
4.92462311557789,3.1089749013352965,0.9905807259844077,29.114790075441167
4.974874371859297,3.1137007807184265,0.9993832003355838,29.98009439953496
5.025125628140704,3.1194019332922664,1.0085098520078652,29.72585495841933
5.075376884422111,3.126063965599663,1.0179459332159484,29.3925918477557
5.125628140703518,3.1336700582913117,1.0276761961663636,28.892323889426162
5.175879396984925,3.1422010085888523,1.0376849176964338,28.887749124883275
5.226130653266332,3.151635278765309,1.047955924681382,30.31209557388219
5.276381909547739,3.161949050520467,1.0584726201685353,28.8452398504407
5.326633165829146,3.1731162851139265,1.0692180101963928,29.431665492200768
5.376884422110553,3.1851087891039978,1.0801747312552223,29.579321277333364
5.42713567839196,3.197896285526485,1.0913250783448096,29.26685201843921
5.477386934673367,3.2114464903336497,1.102651033584026,28.944632182384442
5.527638190954774,3.2257251939003666,1.1141342953259774,29.07605691673471
5.577889447236181,3.2406963473917143,1.1257563077316948,29.217572557682455
5.628140703517588,3.256322153773928,1.1374982907545725,29.157944843462143
5.678391959798995,3.272563163238966,1.1493412704871053,30.19796188172347
5.728643216080402,3.289378372801755,1.161266109820886,29.550491120869495
5.778894472361809,3.306725329818687,1.173253539370318,29.313645908519582
5.8291457286432165,3.324560239165996,1.1852841886100773,29.64905566166555
5.8793969849246235,3.3428380738074437,1.197338617176006,29.9491205889865
5.9296482412060305,3.3615126884721627,1.2093973462788576,29.461932619589124
5.9798994974874375,3.380536936155653,1.2214408901801346,30.10386486694509
6.030150753768845,3.3998627871498215,1.2334497876791544,29.035462607447165
6.080402010050252,3.419441450301537,1.2454046335604656,30.274377780020064
6.130653266331659,3.4392234961935784,1.257286109950797,29.701466170674838
6.180904522613066,3.459158981936981,1.2690750175348695,29.698677209577458
6.231155778894473,3.47919757725972,1.2807523065796311,29.392440245448856
6.28140703517588,3.499288691573407,1.2922991077167807,29.140807699212907
6.331658291457287,3.5193816016971913,1.3036967624338394,28.936701893483825
6.381909547738694,3.539425579916419,1.3149268532245004,29.403472818054766
6.432160804020101,3.5593700220527307,1.3259712333495357,30.09303775093349
6.482412060301508,3.5791645752222783,1.336812056160169,29.332417166112272
6.532663316582915,3.5987592649595057,1.3474318039365325,29.05220137009264
6.582914572864322,3.6181046213855543,1.3578133161946055,29.38477439191677
6.633165829145729,3.63715180410276,1.3679398174158943,29.65928317052872
6.683417085427136,3.6558527254999253,1.377794944155047,29.690851945705255
6.733668341708543,3.6741601721570643,1.3873627714815944,29.81056757422568
6.78391959798995,3.6920279240431135,1.3966278387130981,30.402236263603655
6.834170854271357,3.7094108712056753,1.4055751743981146,30.520985859875694
6.884422110552764,3.7262651276581966,1.4141903205086106,30.90902087874799
6.934673366834171,3.7425481421770472,1.4224593558027379,29.103271384802532
6.984924623115578,3.7582188057287857,1.4303689183202102,29.4967219789169
7.035175879396985,3.773237555256383,1.437906226973939,30.282347989494564
7.085427135678392,3.787566473562389,1.4450591022030308,29.714032998382955
7.135678391959799,3.801169385036866,1.4518159856537793,30.378885957236093
7.185929648241206,3.8140119469884133,1.4581659588568454,30.05899372261452
7.236180904522613,3.826061736347693,1.4640987608704457,30.75148286548141
7.28643216080402,3.837288331524578,1.4696048048610417,30.489181387133318
7.336683417085427,3.847663389212241,1.4746751935947342,30.50377242970914
7.386934673366834,3.857160715944297,1.4793017338143315,29.772266765348316
7.437185929648241,3.8657563342243324,1.483476949478859,29.933907768162513
7.4874371859296485,3.873428543060867,1.487194093844119,29.833943803972943
7.5376884422110555,3.880157972754926,1.490447160364775,29.237053125507273
7.5879396984924625,3.8859276338018924,1.493230892400347,30.728808466303143
7.63819095477387,3.8907229597841875,1.495540791709434,30.368037815439315
7.688442211055277,3.894531844146484,1.4973731257184366,29.82474635820997
7.738693467336684,3.8973446707606096,1.4987249335530342,30.650967176479035
7.788944723618091,3.8991543382029796,1.4995940308226712,29.684393202619255
7.839195979899498,3.8999562776832555,1.499979013150321,29.08091090423165
7.889447236180905,3.8997484645789773,1.4998792584418221,30.50355909608018
7.939698492462312,3.898531423547041,1.4992949278911243,29.359985163453587
7.989949748743719,3.8963082271991194,1.498226965719812,29.900263648288913
8.040201005025127,3.893084488344371,1.4966770976513357,30.099594155804464
8.090452261306533,3.8888683458190196,1.4946478281224098,30.187141878820164
8.14070351758794,3.8836704439385787,1.4921424362360838,30.415981836797954
8.190954773869347,3.877503905624606,1.4891649704630314,30.27907492071744
8.241206030150755,3.8703842992738173,1.485720242099613,30.259959482757875
8.291457286432161,3.8623295994532216,1.4818138174932858,29.58549782060651
8.341708542713569,3.853360141520495,1.4774520090479264,30.12335288080921
8.391959798994975,3.8434985702841713,1.4726418650235986,29.21831087500836
8.442211055276383,3.832769782833254,1.4673911581472445,30.746507354139187
8.492462311557789,3.8212008656806016,1.4617083730527134,29.258007195325057
8.542713567839197,3.808821026378756,1.4556026925704129,29.77941986869929
8.592964824120603,3.7956615197808836,1.4490839828887465,29.286052599605554
8.643216080402011,3.7817555691329727,1.4421627776113062,29.572756979630665
8.693467336683417,3.767138282196525,1.4348502607355915,29.936405978787626
8.743718592964825,3.751846562613479,1.42715824858075,29.65666643842337
8.793969849246231,3.7359190167371614,1.4190991706935518,30.48402527479816
8.84422110552764,3.7193958561644687,1.4106860497634446,30.015713176723743
8.894472361809045,3.7023187962153594,1.4019324805791493,29.66067316576982
8.944723618090453,3.6847309506159642,1.392852608060797,29.814708289330007
8.99497487437186,3.666676722651197,1.3834611044031093,30.480227642646668
9.045226130653267,3.648201693061669,1.37377314536655,30.313199074811724
9.095477386934673,3.6293525049679394,1.363804385754769,29.277273637531394
9.145728643216081,3.6101767461126086,1.3535709341179523,29.49373913379823
9.195979899497488,3.5907228287175768,1.343089326722968,30.058377533586324
9.246231155778895,3.5710398672597625,1.3323765008323567,29.984096599087614
9.296482412060302,3.55117755447388,1.3214497673353593,29.268167636250574
9.34673366834171,3.5311860358953027,1.3103267827751928,30.153382641164015
9.396984924623116,3.5111157832597693,1.2990255208177894,29.318360523205655
9.447236180904524,3.4910174670795375,1.28756424320809,30.400208051540297
9.49748743718593,3.470941828717704,1.2759614702608357,29.997036704475
9.547738693467338,3.45093955228364,1.2642359509335288,29.14988936753364
9.597989949748744,3.431061136672985,1.2524066325299383,29.434376376023515
9.648241206030152,3.4113567680752275,1.240492630083086,29.408272931518994
9.698492462311558,3.391876193270776,1.2285131954672095,29.743557248268868
9.748743718592966,3.372668594037377,1.2164876862885934,29.54327503069146
9.798994974874372,3.3537824629829767,1.204435534605555,29.05369441235161
9.84924623115578,3.335265481118495,1.1923762155281181,28.910017383952596
9.899497487437186,3.3171643974796137,1.1803292157481229,29.86190135957316
9.949748743718594,3.2995249111014697,1.1683140020506166,29.710287502871726
10.0,3.282391555644252,1.1563499898574159,29.599255912730925
